x,p1,p2,p3,p4
0.0,1.1509750012504578,0.04920318459105871,-0.00011894525031650412,-0.01835621866980191
0.01,1.0374420324853508,0.05261821695435139,-0.0010905858689522928,0.022530748554019722
0.02,1.0986148273062324,0.05743072585891155,-0.019036975133222254,0.009201375887268916
0.03,1.002304009249831,0.06117610720404459,-0.014875857900854949,0.03595952945900647
0.04,1.0162081227290012,0.0777266577892156,0.003996446688461701,0.027632979417719833
0.05,1.1950521066641668,0.048890954427317945,-0.0018574599070262088,0.07200225587319203
0.06,1.0796082198065253,0.06684701158553157,-0.011538944499928771,0.03587810533210835
0.07,1.1839802200880394,0.045046240516197385,-0.0018904933923807406,0.07057655001812148
0.08,0.7865636520158978,0.06394136696219868,-0.01703448234186441,0.08916519035210152
0.09,0.8587189982068234,0.08613676271233839,0.008770777323268359,0.09897091357004978
0.1,1.2585107572376335,0.07325442509728555,-0.003317786354504793,0.11882995400059927
0.11,1.0207301668110358,0.03700161377135243,0.008626035028910359,0.10191216991782945
0.12,0.848715108831733,0.0480910885985959,-0.008264580665810253,0.10179491054475925
0.13,0.829430332603212,0.07135316575895827,-0.011324832037344608,0.14465394485979743
0.14,0.6042629034970529,0.07759128103455853,0.0008739790436690745,0.11654275318851669
0.15,0.830621170512361,0.08817736987277949,-0.018235483179339602,0.1529386980923486
0.16,0.757782368020229,0.058046687024700665,0.011337603741636093,0.2011319503907768
0.17,0.9432379005135522,0.08559718851809117,0.002199760986167353,0.15672122315641301
0.18,0.8211043680861886,0.09307221147958002,-0.010719936709447628,0.13781498425262573
0.19,0.7571706818493982,0.06065119097903632,0.002043452020830321,0.18419431430349834
0.2,0.709966556361229,0.09874358214661728,0.01732045738268207,0.12053093642199404
0.21,0.8896062399869209,0.0785233301352929,0.016767198703957646,0.13935718683286571
0.22,1.094414706692807,0.07478018352727758,-0.007615823008414813,0.15602475781634442
0.23,0.798877158210251,0.102776575219824,0.007341274529266235,0.20501159293885268
0.24,0.5915547588735722,0.10525127592204554,-0.0024821217605007725,0.16896450155441967
0.25,0.6695370484843526,0.06847005411724462,0.002556626363337083,0.22660134398415413
0.26,0.5611738049015063,0.09012710715924714,0.001988877058233552,0.21490016070311238
0.27,0.5452574847779574,0.08995542651158181,-0.0004222341481259387,0.23941550474771076
0.28,0.680916016516179,0.09717727880516844,0.016502402659438416,0.1728533530729712
0.29,0.7234683047306,0.09958744992814762,-0.004456049740399576,0.20532825383766237
0.3,0.6320519241293157,0.08584338504119088,0.0020920955517911865,0.18444645377293095
0.31,0.9038549478814525,0.09908199299007422,-0.00109929633582395,0.18705523726236814
0.32,0.6879122265313893,0.08944781549106057,0.0019463332909681003,0.24499264390866432
0.33,0.784939560060529,0.14772273650735845,0.001195695887260517,0.2643586567946132
0.34,0.723423008745823,0.10076122622678682,0.0074288058731951856,0.22064776478827194
0.35000000000000003,0.6742659657542396,0.06533808677514857,-0.00312635506285199,0.28249389633463046
0.36,0.7896353521584314,0.07494992815652071,-0.015772671892173108,0.2627757097585939
0.37,0.67237207796561,0.12877367681342594,-0.0025560862457016773,0.24363967820979743
0.38,0.5983298092378184,0.11636170468564744,0.005996123914191904,0.19393128184246444
0.39,0.4494984977957397,0.11988467225450461,0.0009544530653996126,0.2847937024061806
0.4,0.6175987800246847,0.10572169435136851,0.007820896461976753,0.324131743436919
0.41000000000000003,0.688796507688997,0.09542060117429862,0.013313113440940234,0.25516104294241926
0.42,0.631607153594909,0.12329936889503912,-0.0062524106014269585,0.29593964737385114
0.43,0.7139599136352434,0.11905851176350994,0.010816319833671704,0.24765646577126052
0.44,0.7480526781508269,0.15523476877461162,-0.0012149543299256427,0.25801094783514916
0.45,0.5977611995756341,0.11743861324975483,-0.004960094522266394,0.28326318416927926
0.46,0.827955702417843,0.10554983636552304,0.007043635940539048,0.2594925851940206
0.47000000000000003,0.5625708718352728,0.09403285443130939,0.0011440795052355271,0.3102018233420062
0.48,0.744879990374655,0.07281446912691916,-0.013760117747577832,0.36264337814401143
0.49,0.7900306540045092,0.17103842157662624,-0.006280924768687098,0.26380458994153966
0.5,0.5857114081154935,0.12040030303229547,0.0038036718728154542,0.3001401064397608
0.51,0.49055335270549144,0.1263081466733871,0.010120343963980618,0.29888476300311545
0.52,0.6860116072718632,0.10720525566140289,-0.013463994380339444,0.3580580291042215
0.53,0.5213217732667693,0.13481430465929492,0.0016994456369925426,0.29879012948524264
0.54,0.4755550900068988,0.16718751155002942,0.0014737322289673069,0.5186030989137034
0.55,0.4942458888106368,0.1329627199955755,-0.012184729067023012,0.3793051464717482
0.56,0.42832113993638854,0.13677811511379961,-0.004520190373994318,0.4100297676732167
0.5700000000000001,0.5323620110333217,0.1885925537406617,-0.00976958066707173,0.34410255374359733
0.58,0.48505600082620454,0.16954963075387863,-0.003684303578779442,0.38237287660042746
0.59,0.47735160726992265,0.13926257680075133,0.008606197821518594,0.27544377430475564
0.6,0.49377062783642955,0.17625046942748787,0.005951843646423403,0.2596566924577293
0.61,0.476315093620024,0.10581424865985692,0.010126804533040585,0.31393679227020876
0.62,0.5853836694586875,0.1364560595655783,-0.008101791192449944,0.3930997890972029
0.63,0.6283694669293469,0.17692638291083448,-0.004351448457553876,0.43780843156314764
0.64,0.5021740498232258,0.20862031835157566,0.009012907121680057,0.2364636009223101
0.65,0.5689264711484864,0.20020778611440873,0.001159122462437082,0.37691995662367717
0.66,0.6018721826124788,0.1680684101223376,-0.006491435276081278,0.38915477276364097
0.67,0.5770951494312644,0.20535590366122844,-0.005876287765904343,0.32268352254203814
0.68,0.5317418620678737,0.1765693195365714,-0.007945241903013418,0.2993439126070457
0.6900000000000001,0.6269593985231877,0.20439636504044995,-0.008721168747649107,0.26119861756070273
0.7000000000000001,0.49814930288254183,0.11314135385704507,0.003123071971202231,0.29729683482238733
0.71,0.43159607115513543,0.1757476622019829,0.016242460193968244,0.40881511673483056
0.72,0.5176242756593794,0.19730227393387947,0.008640315991702126,0.3670351643706231
0.73,0.44606743707860774,0.17272950092864853,0.002360040827020088,0.45154453421133356
0.74,0.5685604438378943,0.18681271177826345,-0.0010354485448363043,0.340392618578809
0.75,0.4811453984882119,0.19741149999460442,0.0016425272033846034,0.3915725154300917
0.76,0.5038149817868576,0.202346312606184,0.006768766648878887,0.40277691685066735
0.77,0.42998932685496627,0.1974839905027158,0.005127085899073074,0.2628351248266159
0.78,0.40586869717563645,0.24281427036535463,0.003876720737574074,0.4013596614849466
0.79,0.47007717083319894,0.2047524720228791,-0.0033054960910374937,0.2647990881667946
0.8,0.4433694666778934,0.2672601665082103,0.005714586556474391,0.24192239523870895
0.81,0.4099233363713251,0.21315616684705546,-0.0011747209974584266,0.24141230554303045
0.8200000000000001,0.5442079203752643,0.12942169683646515,-0.003068445459734436,0.35266739218012655
0.8300000000000001,0.4649838357063528,0.1824998364315145,-0.008089922875674461,0.41831787350005945
0.84,0.4424315066053354,0.15502902294997692,0.00845890712569614,0.3566471978939714
0.85,0.5144526356283246,0.2063940968345694,-0.0011151311799025387,0.43815591147811367
0.86,0.34548496387203315,0.19471054107381736,-0.013880543855762699,0.31612811035511057
0.87,0.46125227483024417,0.2234862032084595,-0.0038570952160773726,0.46480894432747627
0.88,0.4089602249185004,0.25821309972423356,0.0003043350633685346,0.473623005440766
0.89,0.38163286745682706,0.2058973639706857,0.0030273383901097306,0.3440990459417754
0.9,0.3815183907618731,0.23123432689821694,0.00349180563792601,0.3763219737477285
0.91,0.49121361649246664,0.24804257355492093,0.008151097925817533,0.3728801694463549
0.92,0.4070546149607865,0.20041174245651888,-0.003527636795740702,0.2894123455054509
0.93,0.3327105233986588,0.2461843111649834,-0.006714819921060531,0.5031533395764045
0.9400000000000001,0.5145538083942537,0.1951095360571698,-0.0025068330669303987,0.37983444404173683
0.9500000000000001,0.3186870795878842,0.21443227109575433,0.013806935418757795,0.43773523558848765
0.96,0.3868657409764773,0.1870332889487591,-0.0056391495986154935,0.3215765711363731
0.97,0.28656748533442133,0.2881026467644525,0.01792893473054039,0.3747907682083629
0.98,0.39223561415082425,0.18571212994054867,0.014562278146322057,0.46882328546503516
0.99,0.34549605788838383,0.1420673204925741,0.01762587663969366,0.32151944836509466
1.0,0.34994915006442323,0.31097603398944984,0.8266364358568276,0.4511820491151765
1.01,0.4025910001306842,0.1887282439074085,0.6045490597677369,0.45485332411565016
1.02,0.3478569302602233,0.24123045737913126,0.6538476406582392,0.3594231366201473
1.03,0.36718362638891644,0.20232267120027264,0.5104517677796446,0.4003723911933661
1.04,0.4139154467428323,0.35806174345303476,0.7799214742383552,0.47220771612306645
1.05,0.4056286691423392,0.23682583319873526,0.7975043958125383,0.4286082025840613
1.06,0.4539581811515746,0.22512359039899676,0.6606764548625245,0.5168025363162589
1.07,0.285605834173425,0.28018931234284183,0.8363420227644158,0.44972825197379745
1.08,0.2710398006515028,0.2626520983632628,0.5167557714864253,0.3960569536989475
1.09,0.40614989134563334,0.21969275962049395,0.41135424114811486,0.23642245961744682
1.1,0.40741287778295754,0.2974323206254517,0.6560498416228279,0.49603901321331956
1.11,0.23844672825399849,0.26412666938220797,0.9479178357265807,0.23953699493386957
1.12,0.27204518380849707,0.24926154347190446,0.40679378604834376,0.46953447489999267
1.1300000000000001,0.4141013115203321,0.3177413599711576,0.7206422118820695,0.32977186536286923
1.1400000000000001,0.25292636878616986,0.3137298484404768,0.5318415246867186,0.2783349149269887
1.1500000000000001,0.28484485377400554,0.3641372729725362,0.6780668580973723,0.2113542039401621
1.16,0.3042870660790688,0.3085601515714244,0.6162779416241355,0.38740010806942116
1.17,0.23064580510276878,0.23923661795392911,0.7835604175197441,0.2767666262337775
1.18,0.3399460705311592,0.24674363356039852,0.30036531634184116,0.33772638852417597
1.19,0.4204851566076857,0.23369804310419742,0.6511681826008499,0.41326150990397253
1.2,0.17040004223833674,0.2709066030433819,0.49411450715430005,0.3058900494439759
1.21,0.210167542630876,0.32910940010341416,0.5370090849940496,0.23034256382109297
1.22,0.33344438411485644,0.24019443359442447,0.7158762131447424,0.33349379822567876
1.23,0.3079382245306872,0.4095508828707617,0.5433740179391667,0.2954033545250797
1.24,0.3601920990988704,0.21795138893627247,0.6786489419354342,0.40000058999300364
1.25,0.22925191857789684,0.21215561734249516,0.6183441884385872,0.2509741942681058
1.26,0.3205983049352071,0.17656632344081016,0.3840237762284845,0.29496612706715764
1.27,0.3350190121407849,0.2966945319957018,0.6035191429184461,0.3720886322704269
1.28,0.24536877940978963,0.252769053473366,0.7301496101219822,0.33831982558835155
1.29,0.36608142242339176,0.2853170782851868,0.811694073015397,0.3130633103391595
1.3,0.24858929099741398,0.23669334729128488,0.6384306357903109,0.3393850110252108
1.31,0.34424134023135783,0.32092106243016,0.650919209413455,0.581215042140356
1.32,0.26807026600553924,0.4576884781846038,0.6183781613036466,0.43319808244933505
1.33,0.3457634505739504,0.35223460169163123,0.5893621704320551,0.4585952001896794
1.34,0.3134865807431702,0.3214642150912366,0.7222040037678497,0.4720025590785022
1.35,0.18228102700190904,0.3461403462501917,0.5055567869301043,0.34510142664699217
1.36,0.35791715322614903,0.32132967015447117,0.4470215614475027,0.3395379436661213
1.37,0.2997363558166888,0.3430175091625613,0.4372467915978523,0.43857795724774085
1.3800000000000001,0.20813374614057398,0.4054655901501135,0.9375708270847473,0.33174783173183503
1.3900000000000001,0.2486771622746253,0.33760320766729185,0.5347076555649011,0.3991256100441411
1.4000000000000001,0.2342157536183703,0.3000769078876303,0.6251128145976059,0.28970701962610484
1.41,0.38026605244763495,0.3920991862160878,0.49725295254741125,0.33478075118404804
1.42,0.3241067990646868,0.222794669729017,0.35568790301827297,0.4090115946591357
1.43,0.1548227251288543,0.3955188694197065,0.6730625372737825,0.4143350627052289
1.44,0.2379582657393824,0.35896410805337425,0.3623465274964869,0.3099819430805684
1.45,0.31181389363106315,0.38924092004248456,0.631077254455714,0.2647858667150592
1.46,0.29287643385012446,0.40084313550295836,0.5821554779884992,0.27399987546307597
1.47,0.23280114874411628,0.30387705896782646,0.7180307417558187,0.24521959414777678
1.48,0.21432461748362305,0.33625600774025255,0.7294168234606845,0.37630569097545913
1.49,0.33892159178258113,0.3767070450768239,0.6898674387333528,0.3584525392369905
1.5,0.23852773033442892,0.3265799861097621,0.7590401316279287,0.42453688931502664
1.51,0.16267167115466363,0.44314572344712155,0.5566901260807378,0.3254090098926722
1.52,0.2624382117521614,0.43046999595444224,0.7551536981416767,0.2280145914190491
1.53,0.24175168420553927,0.33720077416407945,0.6828463753151377,0.2897346243822616
1.54,0.2755019793293343,0.43352344766206413,0.6894381680038811,0.3167380029798387
1.55,0.19661682741170636,0.3788472053223796,0.6558536812487119,0.2958030540093536
1.56,0.1706812141570624,0.3248474308538971,0.6283634343071737,0.36414817345269074
1.57,0.19087667593928395,0.27299993198301664,0.6242565284450635,0.27769719085948685
1.58,0.18216395837205135,0.5291880690162647,0.6716210260549241,0.44950143085425115
1.59,0.2207341748208847,0.3259507134947669,0.507425545417121,0.3359704626096779
1.6,0.16137272383292578,0.37591365735347576,0.7837685180965305,0.2895314771657904
1.61,0.31388899419812283,0.34650642075467425,0.42313725472473085,0.40905740981136657
1.62,0.22914353333551182,0.20058735720095122,0.5810427321870019,0.3942581418942283
1.6300000000000001,0.1760306407931345,0.42407325068172624,0.6795631403194329,0.21489710842604826
1.6400000000000001,0.21826996471536375,0.41132666310285587,0.7845806251679642,0.19572684881873187
1.6500000000000001,0.10404565633831316,0.4798359081678945,0.6761607195074159,0.33810236347629724
1.6600000000000001,0.1778087088255267,0.38567399009119574,0.6022662041514186,0.28793811175686873
1.67,0.20381532169372713,0.3837497698292944,0.6734593357544528,0.36310565837056474
1.68,0.13580924568123515,0.33219446581087236,0.37185340043926773,0.2588794065032778
1.69,0.15602740832230194,0.4334781386965616,0.813933243101984,0.3460898500953767
1.7,0.17373674106056528,0.3910270845560933,0.4933075725234737,0.25610277011988536
1.71,0.1711003853701889,0.41879617269533986,0.8018711183396381,0.3196963630442225
1.72,0.22495142061144055,0.36977741860220803,0.7433570687419403,0.29992094508293343
1.73,0.1458806479822244,0.1944034072500438,0.7642255046545776,0.41037532245898173
1.74,0.1227772149296505,0.38552775105383885,0.7250795636945494,0.2931602217619168
1.75,0.1483594574294755,0.4179069758836565,0.37637350497841626,0.3034350246026749
1.76,0.18528893836153143,0.3145701898040246,0.6023715051674703,0.2406760117702081
1.77,0.1341159852440014,0.3510575512896897,0.7632865087316478,0.3215317439927941
1.78,0.19927584012624253,0.48913286592329036,0.7945895641383112,0.3337324944555827
1.79,0.13715694994639183,0.45248241951645984,0.9720881684908078,0.12714078141118043
1.8,0.1210197961711213,0.30732379112707103,0.5864839274541727,0.31669866417854375
1.81,0.16454707508205146,0.2866986755626246,0.6399727940893634,0.3030626746023916
1.82,0.2177711343232125,0.34611496962223715,0.718349083096578,0.2937056692339532
1.83,0.13864708584452132,0.38612024882207396,0.6696123455200806,0.3861677943104226
1.84,0.1484815996822978,0.39623719413005004,0.3537198543198842,0.36219430754290977
1.85,0.16394821855857575,0.4104861908515512,0.6409967206660233,0.39227200015663194
1.86,0.12006887792079705,0.38502150571486843,0.5095751433198483,0.2738392464342765
1.87,0.1716724991737811,0.42374779351473074,0.6301686696530621,0.11438359242904636
1.8800000000000001,0.17347917378880498,0.3317487016044753,0.7801745657797701,0.30179503245461253
1.8900000000000001,0.14345351157745936,0.3519741683517844,0.6964794065604184,0.3637435530099332
1.9000000000000001,0.11180659695552408,0.39475993717514124,0.5150073054767796,0.24863734483162608
1.9100000000000001,0.15808220871104536,0.49772289524979835,0.9408070102440442,0.2876904342487198
1.92,0.1514906231940124,0.23553818261368809,0.5070922832251606,0.28072321628108493
1.93,0.12499370555988394,0.3322103510243909,0.6876418509794847,0.2700822852879117
1.94,0.14004037371765093,0.5249257826886595,0.55093841776924,0.32257338950024506
1.95,0.09661695771027194,0.29932158558818367,0.6485469573616847,0.2807312404733642
1.96,0.13053741714571834,0.33061430462611513,0.647473743541287,0.3890451914750983
1.97,0.1656400252355424,0.5000479550058888,0.6892683510375546,0.3028649759989988
1.98,0.14680035056471077,0.1497477762408691,0.3340761514150183,0.2485045534227791
1.99,0.12577743867019897,0.2540158954156541,0.5306941349976595,0.22681403053676427
2.0,0.13665636163638975,0.4615090798653759,0.7960240936286528,0.34589345106496044
2.0100000000000002,0.20244619002808967,0.34123472987940767,0.6307609885772802,0.24230967310844587
2.02,0.1314518510598817,0.368868163262595,0.7403316505313453,0.22848769359117546
2.0300000000000002,0.15751940285890206,0.5261006440215974,0.4997030111793406,0.1776345405351794
2.04,0.1342607149868076,0.35333512007128487,0.8334893795099413,0.28196347498165186
2.05,0.14377843882775726,0.3403880253738588,0.670465930199458,0.27857115116991793
2.06,0.16346566269806692,0.42006232960922035,0.9088466471776937,0.25747821905847407
2.07,0.1558835278169103,0.32569755278909124,0.7879621243153013,0.2370922900781552
2.08,0.10872190305227633,0.2949649764381971,0.7358846143594915,0.18658757346094568
2.09,0.12819673192670555,0.41851180057779724,0.5956637338884834,0.32402204918719857
2.1,0.12852525189557182,0.48419153582899077,0.6863121425639592,0.28722632566938294
2.11,0.12700395881982612,0.3539091573307787,0.6220449775240483,0.2643499067174553
2.12,0.12194900624891439,0.4894731159653415,0.652393645588306,0.2589679946225908
2.13,0.10238814989497584,0.4096523360580285,0.6149901690692947,0.28594672846437613
2.14,0.11971998389439686,0.34604475788156575,0.5209402532411217,0.17981451749423774
2.15,0.10695230040716057,0.5304808222999434,0.8549980736250398,0.28200008346232225
2.16,0.06999880814168638,0.3936516760168624,0.49056751961182266,0.1609969440650409
2.17,0.09209396431369868,0.28409604331747734,0.471998327410869,0.34599032280511377
2.18,0.153769943959947,0.3489867451425067,0.8289914624737977,0.28142963571380786
2.19,0.12059355252878375,0.4765665837423161,0.6122870418850108,0.22253994267104582
2.2,0.08852279663581944,0.4300579379296464,0.7365705192578036,0.28331255385640175
2.21,0.0986843994134769,0.2827218373225566,0.6396647786125477,0.2957094010030356
2.22,0.11202085258028627,0.4279179163133539,0.9067559590689612,0.19777034906665283
2.23,0.10236915263561083,0.3068347629350895,0.7637203403618968,0.2530541996102248
2.24,0.07175241921218933,0.34462842201820865,0.4400685222292481,0.2158859742190453
2.25,0.09643198937046896,0.3935785938873863,0.6008603353283463,0.1866573302042084
2.2600000000000002,0.10510238964587408,0.4669059003960479,0.8090063503169385,0.21841910538223863
2.27,0.11875090191177451,0.3616614400988846,0.5322572805965897,0.21255757565500655
2.2800000000000002,0.13093311971018456,0.31617987774389555,0.5805802873986098,0.2707746997879838
2.29,0.05228486141661769,0.3699161814113859,0.7529360042333831,0.17613613738464196
2.3000000000000003,0.1268360711303117,0.4691429050205797,0.6241963006818143,0.26921938764480285
2.31,0.08329782474879441,0.45506841063834347,0.7888818041605985,0.22920140885895848
2.32,0.06668368775132216,0.3993824913888568,0.44427649347132503,0.24217283155771163
2.33,0.07419888284152117,0.4344318311352883,0.579665498359486,0.24761145993263128
2.34,0.09004978442181456,0.33305041223030907,0.5631050966673191,0.15290408479169604
2.35,0.05820729595290276,0.49366124665313604,0.3108540457982848,0.3213925308415167
2.36,0.0865706425123283,0.3682091642813025,0.7014318033111606,0.21600055615414135
2.37,0.11612451837873117,0.2964623518804763,0.6386151529271793,0.21959525247641992
2.38,0.08354149909629262,0.36045528493624174,0.5549801481518167,0.1872773943108552
2.39,0.07351076359428481,0.38019649025922103,0.6015014013091101,0.20724660838416506
2.4,0.08414792096101667,0.6458007351677111,0.8028972931945707,0.2383657780517977
2.41,0.09182835559883164,0.33831596332279695,0.5788983005478027,0.29338029493721796
2.42,0.10721055349281837,0.37225036912103177,0.5662570013257637,0.2494928187834185
2.43,0.08894525980874739,0.3258014916470943,0.457425222538014,0.18980279889756269
2.44,0.08086503164412626,0.4670267558933935,0.8320452129082901,0.24847937262163794
2.45,0.07927939421254396,0.27921921888616325,0.46356205274320994,0.16870659602195837
2.46,0.0843017659673996,0.3141761272115682,0.5702773441912364,0.2596270613745547
2.47,0.13190186992164957,0.39356597297306595,0.9244368545151619,0.21449665720003505
2.48,0.09073996163174786,0.4047538371824205,0.7841897499727378,0.18829522458429424
2.49,0.08065496915514174,0.3385103165010369,0.7248740376689191,0.1474108971555819
2.5,0.08628444624026481,0.35916826622712655,0.5063777696566177,0.17369632362928666
2.5100000000000002,0.06192980253458351,0.3468028491232436,-0.011895747724385822,0.21928864402171797
2.52,0.07730929721945008,0.32169203897845844,0.008510928055470848,0.17119934642177634
2.5300000000000002,0.06030746429407083,0.30145920727571157,-0.001485460028820682,0.15436264009668205
2.54,0.07870048268172891,0.2908531961020613,-0.007058951736156138,0.24543865013414964
2.5500000000000003,0.07261117091641765,0.39925351766477307,-0.01544620919496676,0.21023285560205887
2.56,0.06782000733424988,0.3751531181896002,-0.004770300973536593,0.1633138721184343
2.57,0.0907783868694444,0.2523521766348198,-0.012036797621290219,0.24352896585521364
2.58,0.07910487397137173,0.3543868429156933,-0.0037891022523216518,0.21108480592342174
2.59,0.1035546554436819,0.33134022276024766,-0.00045354544150918156,0.16832727175168727
2.6,0.0887708932519811,0.2714648975411955,0.005103738973304517,0.16412531806453529
2.61,0.059464044196880235,0.29568783111742647,-0.0006698980571353849,0.20126830892530204
2.62,0.06083569302405419,0.25009434019311566,0.008976345771425948,0.1866473436714218
2.63,0.10525186473662132,0.34540204355308185,0.0076925316804540315,0.14356189959055884
2.64,0.04724825141634456,0.3934227373872796,-0.0033949682688539508,0.1780708774777583
2.65,0.0622115026149882,0.3642972417370817,0.0005703020292676619,0.2319562843748524
2.66,0.06545463195227065,0.29209883835433925,0.01638727887710153,0.1986194707102764
2.67,0.08513205119630526,0.3608900057652023,-0.0021511111591747045,0.17160332102475293
2.68,0.0764273895335552,0.27382306494710645,0.010596953944464102,0.18984287442048997
2.69,0.06677196517085524,0.32898348152686535,-0.008958259169352719,0.17782027484413943
2.7,0.09895251637817898,0.39077365611156584,0.0033746331216657367,0.158859485851447
2.71,0.07303228034808812,0.366501695002607,0.0015931518763022104,0.18178457658629146
2.72,0.08094654389747837,0.3343398548005313,-0.0020108536568856686,0.15878698005690112
2.73,0.059694816764748436,0.17730354011664762,0.012707868575238444,0.22447815880557942
2.74,0.056914483927661595,0.2747075390849455,0.0010350769571511008,0.15583894530887
2.75,0.06655304085240833,0.33136877208916116,-0.00442198887800393,0.1603202104020262
2.7600000000000002,0.06545765536653879,0.3185322535176416,-0.003383298760020469,0.1626190629497868
2.77,0.09529625444421483,0.2863635926143585,-0.017327405901168554,0.1034959622208876
2.7800000000000002,0.07309001063187044,0.3314565370126387,-0.0026888344882230503,0.19549024900806422
2.79,0.05723542256788923,0.3229237656780727,-0.018209211417122662,0.12535211867271004
2.8000000000000003,0.03823073992952092,0.3138795857043454,-0.004044648356181656,0.20298396020623544
2.81,0.04771978296223677,0.3067189486275929,-0.002582675967167101,0.20326890066036826
2.82,0.07079008544184541,0.29476132854771425,-0.004410243404345943,0.17304405003717038
2.83,0.0479791784483981,0.21225502567090587,0.0029751679394709003,0.21203731222539582
2.84,0.06261051350035562,0.19906231456830797,-0.006950938676300433,0.17680306273100763
2.85,0.0665773722123041,0.30542936483448946,-0.013807423826526789,0.12503003514078048
2.86,0.043300783305846156,0.262673024147563,0.0022600415342075362,0.18311195609044262
2.87,0.06429277901509131,0.2903315657582716,-0.005962226521018928,0.12576747150194628
2.88,0.050889589743599285,0.26131621969422975,0.001351891355521078,0.16369865236910858
2.89,0.06105282544473456,0.3373658996070986,0.0029521132614252405,0.1630369268625736
2.9,0.0792200795042522,0.1951752409491666,-0.008367307066133728,0.18409083452032415
2.91,0.038742920491853086,0.2565491605320503,0.011439352589814177,0.0971443192371866
2.92,0.03904444543065409,0.3143036179075106,-6.698803788561511e-05,0.17374800923509282
2.93,0.05865711356793419,0.2601947161022564,-0.002995518434505377,0.11307882683495493
2.94,0.06564472274888541,0.2717457196929152,0.0016238844117236403,0.16604846048697464
2.95,0.04415088467697116,0.2713436069514044,0.008088512762939268,0.18366704040947965
2.96,0.06596918158049617,0.18727715130674652,-0.0007225280734722333,0.14273579351101406
2.97,0.03730959660890913,0.20990671665501515,-0.010366014014857818,0.18479669635896967
2.98,0.03781004275022981,0.2650057627370241,-0.0073429996360152155,0.13854996229758154
2.99,0.05191175484967025,0.17773189586104615,0.006773622158481646,0.0970022413113669
3.0,0.051713213939244884,0.18199089435473953,-0.005564614586294339,0.09874103303845191
3.0100000000000002,0.041293142400310665,0.192075957000263,0.00044865792719682706,0.1444531022961247
3.02,0.036013362401041735,0.19077800038868084,-0.008693897001943344,0.12855987121545348
3.0300000000000002,0.05284912569714019,0.28340254751304494,0.02470342177461862,0.19582972308648228
3.04,0.03433373862133499,0.10735637537114356,-0.013799332212586632,0.14657031616081787
3.0500000000000003,0.048709390547475584,0.2741604326701995,0.0033927292617957874,0.12493263342149023
3.06,0.05992356011893098,0.23092811134568053,-0.019608627676484705,0.10584176524040066
3.0700000000000003,0.053859909042384836,0.3016677361071472,0.010393483942380561,0.12780437678642323
3.08,0.06091350822959725,0.19039754473641549,-0.018946872297742966,0.13374121351373844
3.09,0.06004763481319169,0.16663838291723576,0.0007758428290930637,0.08988953853625695
3.1,0.04675578632934689,0.16780761839762354,-0.0025273475840575815,0.08348588086015349
3.11,0.055433827362977736,0.22590563727224203,-0.022296542145524675,0.1376359954394211
3.12,0.06510859128740071,0.2519423882577446,-0.0008080417275791293,0.12114034921089632
3.13,0.04748569771329833,0.23080229768209307,0.015165234777323856,0.17392587540709367
3.14,0.038167455253781804,0.1653875587468957,-0.00227867492701882,0.17853816945057205
3.15,0.03990072485227943,0.23436992534400067,-0.007011864514292763,0.10830513142193834
3.16,0.040326759416152935,0.18224994319457677,0.017781178407733633,0.12464851826295298
3.17,0.031946432041646475,0.21616852989339055,-0.006737579199148017,0.14634783343535018
3.18,0.0573304295200884,0.17006053940123875,0.0032323717748933005,0.1292631282502091
3.19,0.06301897438363978,0.17130342483054642,0.003399966458883218,0.11725393460010472
3.2,0.029367059641768462,0.11146879977599594,0.006321608617703282,0.14973372267496457
3.21,0.03599575440807479,0.22712482902473688,-0.002541732757708238,0.12163221994086693
3.22,0.05023531409376143,0.19782937473363726,-0.002738406788550827,0.11065957938280156
3.23,0.031422497672927624,0.14217399047280266,-0.00037112997506928767,0.09409499712369705
3.24,0.031425983065755426,0.16949864093275827,-0.0018043354119749498,0.15655356370430548
3.25,0.025674456651424635,0.22650212494354222,0.002748510643397109,0.10771815321405347
3.2600000000000002,0.036282055230603745,0.1476477833116203,-0.0031636867814160553,0.10623013772352538
3.27,0.05916577076803773,0.22611987669600234,0.019969508158052627,0.11715909654549748
3.2800000000000002,0.03710542079960161,0.1589594123321034,0.012966742067803145,0.1397633373434883
3.29,0.031422082522892573,0.16522562486586792,-0.007190968487062794,0.11585761550827826
3.3000000000000003,0.04667401210244504,0.1949766664420377,-0.013783483283205498,0.09330684205466165
3.31,0.02800027519056443,0.12190356495198004,0.007701435042177538,0.10939037726933543
3.3200000000000003,0.050362664106759845,0.17289535667566433,0.005531649744335237,0.1460697564319388
3.33,0.06970765387898953,0.11418203958396511,-0.007240697800902747,0.12666558959517424
3.34,0.03679525036885863,0.22584286629765826,0.006761674975215406,0.1522847594477749
3.35,0.048642747238589856,0.14850251289113667,0.012198812979641085,0.16428783069646746
3.36,0.019350920392733333,0.12896233812756921,0.0004824878164906395,0.12803474555808506
3.37,0.016194615057698012,0.1049819098253563,-0.025405372252617957,0.13442466167511818
3.38,0.05368679965183447,0.14087355984204514,0.0012166650979870605,0.11072473372084612
3.39,0.01829862830393339,0.20219353939778179,0.009167586175704899,0.09245257225169504
3.4,0.02675922610966874,0.1740657852457886,0.007323773489975187,0.12086718045999893
3.41,0.0453485922096274,0.10837955448076438,-0.024034163295414204,0.13200292739879788
3.42,0.03205614773468094,0.17951795768563786,-0.0017456060822358635,0.13798765691376624
3.43,0.029921551645940993,0.1471410177596947,-0.014711376247938926,0.11344928061607625
3.44,0.03467639845896012,0.13026114468464234,-0.016059493770535546,0.10418595260398493
3.45,0.0299221794561279,0.1127596283288736,0.023195446785046637,0.10110571709696856
3.46,0.04126858566778475,0.09640107465173633,-0.02841759285138726,0.1139642449238244
3.47,0.04764626042961166,0.13492344960581487,-0.013765114822115707,0.15135585881140431
3.48,0.026087178122434235,0.13266345137607863,0.011471354287893238,0.11543256071974985
3.49,0.05764611701916101,0.12687044035668002,-0.01565576764029101,0.09221862450484107
3.5,0.02072309977400718,0.1306025183783606,0.0005495045618431126,0.1203346972398831
3.5100000000000002,0.03426298208398617,0.07937877528627915,-0.001622732514814648,0.12068772805384287
3.52,0.023099987756990497,0.11513550887762074,0.005720020974501878,0.09233874912675415
3.5300000000000002,0.044398933926374486,0.08121034469917729,-0.007596903840653572,0.11767721538021503
3.54,0.040060082235747675,0.08953361054326708,0.010327746715682892,0.12436020766316438
3.5500000000000003,0.04693966549805068,0.09341821755373333,-0.016046572627079245,0.13949375669591252
3.56,0.009395113974100398,0.06909178790557687,0.012863283686184506,0.10661449804009171
3.5700000000000003,0.027453186446582057,0.12039744344201977,0.010252361205329403,0.10052334797119962
3.58,0.015645976553544702,0.12318946084405269,0.0018826630668348655,0.07598792515645855
3.59,0.026895312535376685,0.13354728426510237,0.005432237116818503,0.10250031928130361
3.6,0.02535039895838212,0.08609341587623787,0.004836386843959184,0.1255841984245785
3.61,0.012071273210501781,0.11436688709117962,0.005092560406681938,0.07646028759286587
3.62,0.03807211669096183,0.10533235113893175,-0.0040481437662975355,0.1012108751816431
3.63,0.026818291284626046,0.09014989102125795,-0.0003495305803529338,0.06871658244877304
3.64,0.02264206041409027,0.12045160213229794,-0.0010974857163768028,0.09807991788304511
3.65,0.022801711785931576,0.11433986715878929,0.015043880516340832,0.07769426285290218
3.66,0.025387359018140467,0.08538871171250313,0.0162079882130384,0.08697655641253031
3.67,0.031714631412149114,0.10192947890293404,0.008805542700863627,0.11512034240606703
3.68,0.015728918506815452,0.1169642434159891,0.006447818388844546,0.055456037785347086
3.69,0.030201522379381996,0.10128831116475144,0.005304198567949526,0.0898748126105459
3.7,0.024333716649621855,0.09819639255239188,0.013414820410207771,0.06608459708379429
3.71,0.023768603905513858,0.08332341226035478,0.007037340370384459,0.10839521390931103
3.72,0.01620330771778458,0.08453451941568045,0.005855945892042976,0.11546417120956443
3.73,0.03385246472283026,0.0901068121332695,-0.0036664150979073937,0.07946196322201209
3.74,0.0204201495831958,0.052352586294189506,0.002892708201561614,0.0737578890451523
3.75,0.033976773543568976,0.08679458217187566,0.0007030963800955937,0.06012712276655845
3.7600000000000002,0.035457695789254264,0.0760829685485898,-0.000772498697399361,0.1264250338556145
3.77,0.019836518747025328,0.07319945615624113,0.001789390284409398,0.11665794510678656
3.7800000000000002,0.029293196059226347,0.07137910793188805,0.0038630082421317728,0.11156838419063803
3.79,0.010275078894333984,0.09460320561906059,0.018526372401951978,0.08433218533598907
3.8000000000000003,0.00945390283291045,0.10036085837616185,0.010972984245276884,0.08619988737421748
3.81,0.02735863234497108,0.07639222185866218,-0.004400888574858387,0.09428115037529763
3.8200000000000003,0.036775918189197725,0.09127110714250498,-0.004875204871674134,0.08518147322694596
3.83,0.01546625359296327,0.07716813817039615,-0.006269843846972735,0.07000486222206
3.84,0.025196800347178538,0.07787998318975753,-0.008036568123683835,0.04770434686141088
3.85,0.023729258824656475,0.06603330229430412,0.005354759404145442,0.059875579410489904
3.86,0.011289216165669426,0.06314484244666077,-0.001563069309077928,0.08986769237487069
3.87,0.027524765304754346,0.08608327607506015,-0.0009532653789560755,0.05429330381077206
3.88,0.01286408257404268,0.08495054555806411,0.004621950856018957,0.059555536530942574
3.89,0.022656993348664365,0.08207467720793747,-0.01285539298494142,0.06914037034570257
3.9,0.03091182881421806,0.055580000692812895,0.0021985106588485624,0.07492428381503344
3.91,0.022943445193960302,0.05807216098635373,-0.0066301641014537924,0.08394419047099354
3.92,0.020408405239928155,0.055558191900454995,-0.01057710134195584,0.09384046573374706
3.93,0.028021056980020796,0.07291868702556578,0.005623829860000849,0.07599636147840105
3.94,0.02104799972446557,0.06505172784341234,-0.004907499301733937,0.07791978765711073
3.95,0.013460071742286502,0.03834771527243165,-0.0022034987788569545,0.0904280569250509
3.96,-0.0060947325165022805,0.06898855869251293,-0.014389722836211637,0.07362195953684769
3.97,0.026592176394110042,0.05679475409260182,0.0048983741267183065,0.06459538656563178
3.98,0.010555940760587593,0.051666749651499734,0.007601087325286542,0.07854437459951186
3.99,0.02907025288960513,0.04827070704224709,-0.0017130650401595221,0.07964236082972091
4.0,0.008620959295732684,0.055248231526519004,0.004229979449433077,0.06877085779154274
4.01,0.009504249203991934,0.06009954389993329,-0.000914654959526477,0.0881629697886978
4.0200000000000005,0.016667896927275848,0.05507025375528221,-0.002421375235018526,0.0320903239022132
4.03,0.025421850024313603,0.05876411427084672,-0.00756553592766338,0.06839539802912467
4.04,0.020118806446362488,0.05660216025809499,-0.007946616554671783,0.06400386964536507
4.05,0.041152789195251616,0.046008627590273805,0.01665362992697568,0.0754126765962695
4.0600000000000005,0.03256336886053843,0.04985034944153137,0.004768125977848554,0.05473758486595431
4.07,0.022527731630803967,0.0525665573533592,-0.012821991172818068,0.055972834920991504
4.08,0.016580131591540183,0.04004960555975149,0.006586540495548257,0.04647183702214279
4.09,0.010116944903932206,0.04558644884562257,-0.00615534284034585,0.03547303061970357
4.1,0.026296431819175896,0.03370998771269449,-0.008440645017109453,0.07196646150202478
4.11,0.024353532574891618,0.056221820360236534,-0.007161358812966605,0.06771474343308809
4.12,0.016906566979794417,0.04870137164443176,-0.009851583091192396,0.058886150776284577
4.13,0.015153658520164936,0.04441746342242168,-0.005884325188405767,0.06438364576110375
4.14,0.017729675006372122,0.04186188029573118,-0.0010208182966496648,0.07516144559139094
4.15,0.004991011366454152,0.03492936944623271,0.001432272734476031,0.07023549397588073
4.16,0.016249176823775524,0.03165372013278042,-0.012771947035149262,0.07893788237042142
4.17,0.024540690541034187,0.045518313381644894,-0.013259813280958375,0.05639675661964116
4.18,-0.0006218887562998102,0.035651816122858955,0.011934564051651428,0.07010792262346055
4.19,0.0070571073012371185,0.044735807671489526,0.0023190806074607135,0.07527537887949726
4.2,0.020951109966833248,0.029802518064452974,-0.009948964097925995,0.04554855095700304
4.21,0.042507914235950905,0.03954032910200173,-0.004185653848276443,0.06025014291431899
4.22,0.02716894087437534,0.03447939399637375,-0.005513934781830855,0.07248410938033711
4.23,7.066759164965283e-05,0.02488398996061665,-0.0020246725478501753,0.0733104488366452
4.24,0.029792410697357774,0.03613450638282762,0.009773969701242027,0.05007488708288013
4.25,0.01208502219286749,0.030813241449560082,0.017621635646925458,0.08271478290514594
4.26,0.022047105094479127,0.038090058330278384,0.005508696967753083,0.060772336218943346
4.2700000000000005,0.0027464401420049887,0.021929241661531648,0.0032204626307121725,0.06269114553754657
4.28,0.005426364985589164,0.024692557539378504,0.0025149092092694833,0.06702514668696105
4.29,-0.0008012513560879536,0.01409450168645878,-0.006192610676076524,0.06771468783440872
4.3,0.005667076400762602,0.04831687540997524,-0.0016458465379742787,0.07256632742021002
4.3100000000000005,0.008327051119270687,0.01707319949853881,-0.002141928446896941,0.04713025592612373
4.32,0.0012575378913506005,0.016041566112615195,0.005101151964566377,0.0590878300932038
4.33,0.012151504022815222,0.009574630227760585,-0.021620158841321603,0.07290843571327472
4.34,0.009530518292140376,0.01279497781883686,-0.02821713113423983,0.0576628027394041
4.3500000000000005,0.0037438969185027253,0.026468963650858095,0.006556863852927582,0.05690727225318928
4.36,0.02211543009090312,0.024924950446384313,-0.014592516868609965,0.07615043989357059
4.37,0.007782524419312975,0.03467447918838937,0.005907185885889514,0.06233100714131968
4.38,0.011188600733495192,0.019105840332283734,-0.017299596121330255,0.050525413590599935
4.39,0.02587270019485793,0.04578906964491465,-0.0011146942631724383,0.0608892454654751
4.4,0.009314316286556627,0.014689100705715073,-0.007265365158109068,0.04298984176868701
4.41,0.006765641879694823,0.013879433141402124,0.0005559891965258831,0.052121900745713996
4.42,0.012516515296180922,0.006661636482284563,0.011679804089760177,0.07212972130653131
4.43,0.024422275168660693,0.015129862793608853,0.006337001856901772,0.05248532434033575
4.44,0.02525377615010596,0.017805320328159603,-0.002848828515800612,0.0451645065462039
4.45,0.0017077364136465385,0.02623416073196208,-0.0007760466317023808,0.06143307483682829
4.46,0.004191214401142156,0.011843438582327157,0.0020051761967105185,0.05367096027416177
4.47,0.03454007389467868,0.03199557662129587,-0.018917629968964372,0.04906381266605112
4.48,-0.001504451457953613,0.03542886491592202,-0.002321072820927738,0.06544760043511119
4.49,0.0024789294583594714,0.026024081325235364,0.007728930183135202,0.042920830676251395
4.5,0.011615078237484007,0.02379729163930535,-0.007515836438399071,0.02920053697611007
4.51,0.009137666339561314,-0.006091662365264466,0.001020372534417724,0.048634068871854744
4.5200000000000005,0.00214451411310739,0.010061354493545633,0.0063939346180982536,0.048100648648132426
4.53,0.020073813171126408,0.005769416424184593,0.006584861831146399,0.06279079738270185
4.54,-0.001536571494138687,0.019700751675786277,-0.0015400832273893314,0.06625194374878035
4.55,0.01358288101482461,0.012885639826600825,0.00025539703590573464,0.044448777707474185
4.5600000000000005,0.006707421276638145,0.021302627341253516,-1.4660953623094308e-05,0.05228013358986803
4.57,0.014149460223484409,0.025711996612218922,-0.00475966523650606,0.05113934580509003
4.58,0.009428814900384176,0.01623515100805642,0.00012964221959067202,0.04695650339795338
4.59,-0.0012149986867650547,0.007000806399017987,-0.004895757778242722,0.032447204571393704
4.6000000000000005,-0.005081453862698175,0.008679305367555736,0.005382544296396582,0.04040639058353131
4.61,0.009084102735067455,0.012123824512465194,0.001242762973627977,0.053601135235354536
4.62,0.013466192631282367,0.0004904034820500149,0.006487688330670205,0.03847105804771704
4.63,0.011010986854543202,0.02594325770768929,0.0014758072597966904,0.04136063872508475
4.64,-0.004670042445387015,0.018112233267987866,-0.017934372208861484,0.04361925649935423
4.65,0.02933888675263753,0.002205355024501792,-0.009329800850950238,0.032631607499090096
4.66,0.010055682388046947,0.02055112190663956,0.006313895717858178,0.02445467595515622
4.67,-0.001570717558604589,-0.005292977317605791,0.0008872379877001933,0.052065768794942194
4.68,0.015499272228097324,0.018765965600504243,-0.014130112733703879,0.04262013765369786
4.69,0.0016556591135550294,0.007124149395951121,-0.009591252248487897,0.06142023848668382
4.7,0.013505822168154342,0.008293283037996467,0.0067348997484255515,0.05204531976979704
4.71,-0.005085743210975531,0.02463839796486403,-0.009050586597166775,0.034285556367365744
4.72,0.019062006034622856,-0.017843796696199468,0.007478539271254227,0.03402119629044088
4.73,0.01781558637840184,0.01288768456185978,0.003622720802791671,0.043281506930775974
4.74,-0.02159233111902073,-0.007145146930116411,-0.0032625838754432434,0.03226220114709654
4.75,0.009151589397307942,-0.0011538864712648863,0.01057139906983913,0.05760174211628571
4.76,-0.005481137591035436,0.017195778269752215,0.012310902602611688,0.053522413505061116
4.7700000000000005,0.009159153421146262,0.01894731129938853,-0.007855515290488693,0.0455727973401393
4.78,0.004270014027184477,0.01124407724369747,-0.006343191835725862,0.057607519957596956
4.79,0.029201221946659285,0.0023429177587120046,0.014286799884735746,0.05198372504747153
4.8,-0.004108354332846318,0.008392005016728512,-0.0012278438876216855,0.035362653539515586
4.8100000000000005,0.02434686737714018,0.017801597219589786,0.0032541524560124623,0.031692528719261606
4.82,0.005850594889112463,0.0175123035815002,-0.0017950329601311699,0.04775703796910937
4.83,0.018207828833320817,0.0010025442860326405,-0.006103001021947265,0.031940890902503835
4.84,3.2247868198154866e-05,0.01193033498752243,-0.012403556976395447,0.04979867567163127
4.8500000000000005,-0.005800656717119278,0.007021366735332435,-0.004249012710519331,0.025390885041175995
4.86,0.018960652271663964,0.012323005430508654,0.0009730719382897942,0.051476449593331926
4.87,0.0030910212810263474,0.010981515190594392,-0.005705267485663123,0.04240755037376598
4.88,-0.0077378761304247945,0.009714156532139275,0.004340670927371252,0.045747243432571874
4.89,-0.012030142626289205,-0.006469428468157016,-0.0021269963396705516,0.05483172800385007
4.9,0.006093871108506213,0.00853696262175761,-0.007059349772474506,0.020566195119762272
4.91,0.017441999524173038,-0.007900950348365571,-0.009486929562599899,0.03662912825196722
4.92,0.019474314744812416,0.0028075064663364555,-0.0076517704993692886,0.047206263903438454
4.93,0.014657251387498252,0.012106765169277231,0.004974726108466789,0.03453805558904283
4.94,-0.0020058281647751227,-0.016319670906212662,-0.015056721971125158,0.036929839708138554
4.95,0.013595275982047588,0.014666006863060861,0.018052301037949133,0.011769884764651722
4.96,0.00823597291742895,0.01262760070737573,0.022258417995714326,0.029461964249346894
4.97,0.003415257258443262,-0.0005474524412702334,-0.00691323975875368,0.03577824237479855
4.98,0.015699070199396526,-0.006928088408375667,-0.006842190143517726,0.03942374385777703
4.99,0.011034382194525422,-0.004223281847155568,0.007325802087901546,0.029729286056311918
